Program,Intro Commit ID,Fixed Commit ID
make,c7b469f0,3b1432d8
grep,62458291,3c3bdace
grep,8f9106c4,3220317a
grep,401d8194,54d55bba
find,71f10368,f7197f3a
find,daf7f100,dbcb10e9
find,e6680237,183115d0
find,84aef0ea,07b941b1
find,e8bd5a2c,93623752
coreutils,7380cf79,2e636af1
coreutils,ec48bead,be7932e8
coreutils,20c0b870,51a8f707
zitser,283,284
zitser,285,286
zitser,287,288
zitser,289,290
zitser,291,292
zitser,293,294
zitser,295,296
zitser,297,298
zitser,299,300
zitser,301,302
zitser,303,304
zitser,305,306
zitser,307,308
zitser,309,310
abm,550,551
abm,557,558
abm,575,576
abm,577,578
abm,592,593
abm,594,595
abm,598,599
abm,603,604
abm,605,606
abm,607,608
abm,609,610
abm,616,617
abm,618,619
abm,620,621
abm,622,623
abm,624,625
abm,626,627
abm,630,631
abm,632,633
abm,634,635
abm,637,638
abm,639,640
abm,641,642
abm,645,646
abm,647,648
ctestsuite,045,046
ctestsuite,047,048
ctestsuite,049,050
ctestsuite,051,052
ctestsuite,053,054
ctestsuite,055,056
ctestsuite,057,058
ctestsuite,059,060
ctestsuite,061,062
ctestsuite,063,064
ctestsuite,065,066
ctestsuite,067,068
ctestsuite,069,070
ctestsuite,071,072
ctestsuite,073,074
ctestsuite,075,076
ctestsuite,077,078
ctestsuite,079,080
ctestsuite,081,082
ctestsuite,083,084
ctestsuite,085,086
ctestsuite,087,088
ctestsuite,089,090
ctestsuite,091,092
ctestsuite,095,096
ctestsuite,097,098
ctestsuite,099,100
ctestsuite,105,106
ctestsuite,107,108
ctestsuite,109,110
ctestsuite,111,112
ctestsuite,113,114
ctestsuite,115,116
ctestsuite,117,118
ctestsuite,119,120
ctestsuite,121,122
ctestsuite,123,124
ctestsuite,125,126
ctestsuite,127,128
ctestsuite,129,130
ctestsuite,131,132
ctestsuite,133,134
ctestsuite,135,136
ctestsuite,137,138
ctestsuite,139,140
ctestsuite,141,142
ctestsuite,143,144
ctestsuite,145,146
ctestsuite,147,148
ctestsuite,149,150
ctestsuite,151,152
ctestsuite,153,154
ctestsuite,155,156
ctestsuite,157,158
ctestsuite,159,160
ctestsuite,161,162
ctestsuite,163,164
ctestsuite,165,166
ctestsuite,167,168
ctestsuite,169,170
ctestsuite,179,180
ctestsuite,181,182
ctestsuite,183,184
ctestsuite,185,186
ctestsuite,187,188
ctestsuite,189,190
ctestsuite,191,192
ctestsuite,193,194
ctestsuite,195,196
ctestsuite,197,198
ctestsuite,199,200
ctestsuite,201,202
ctestsuite,203,204
ctestsuite,207,208
ctestsuite,209,210
ctestsuite,217,218
ctestsuite,219,220
ctestsuite,221,222
ctestsuite,223,224
ctestsuite,225,226
ctestsuite,229,230
ctestsuite,237,238
ctestsuite,239,240
ctestsuite,241,242
ctestsuite,243,244
ctestsuite,245,246
ctestsuite,247,248
toyota,01.w_Defects,02.wo_Defects
