project,version
abm,550
abm,557
abm,575
abm,577
abm,592
abm,594
abm,598
abm,603
abm,605
abm,607
abm,609
abm,616
abm,618
abm,620
abm,622
abm,624
abm,626
abm,630
abm,632
abm,634
abm,637
abm,639
abm,641
abm,645
abm,647
ctestsuite,045
ctestsuite,047
ctestsuite,049
ctestsuite,051
ctestsuite,053
ctestsuite,055
ctestsuite,057
ctestsuite,059
ctestsuite,061
ctestsuite,063
ctestsuite,065
ctestsuite,067
ctestsuite,069
ctestsuite,071
ctestsuite,073
ctestsuite,075
ctestsuite,077
ctestsuite,079
ctestsuite,081
ctestsuite,083
ctestsuite,085
ctestsuite,087
ctestsuite,089
ctestsuite,091
ctestsuite,095
ctestsuite,097
ctestsuite,099
ctestsuite,105
ctestsuite,107
ctestsuite,109
ctestsuite,111
ctestsuite,113
ctestsuite,115
ctestsuite,117
ctestsuite,119
ctestsuite,121
ctestsuite,123
ctestsuite,125
ctestsuite,127
ctestsuite,129
ctestsuite,131
ctestsuite,133
ctestsuite,135
ctestsuite,137
ctestsuite,139
ctestsuite,141
ctestsuite,143
ctestsuite,145
ctestsuite,147
ctestsuite,149
ctestsuite,151
ctestsuite,153
ctestsuite,155
ctestsuite,157
ctestsuite,159
ctestsuite,161
ctestsuite,163
ctestsuite,165
ctestsuite,167
ctestsuite,169
ctestsuite,179
ctestsuite,181
ctestsuite,183
ctestsuite,185
ctestsuite,187
ctestsuite,189
ctestsuite,191
ctestsuite,193
ctestsuite,195
ctestsuite,197
ctestsuite,199
ctestsuite,201
ctestsuite,203
ctestsuite,207
ctestsuite,209
ctestsuite,217
ctestsuite,219
ctestsuite,221
ctestsuite,223
ctestsuite,225
ctestsuite,229
ctestsuite,237
ctestsuite,239
ctestsuite,241
ctestsuite,243
ctestsuite,245
ctestsuite,247
